,date,sentiment,open,high,low,close,polarity
0,2022-03-04,0,283.033325,285.216675,275.053345,279.429993,Decrease
1,2022-03-04,1,283.033325,285.216675,275.053345,279.429993,Decrease
12,2022-03-03,1,292.92334,295.480011,277.533325,279.763336,Decrease
13,2022-03-03,0,292.92334,295.480011,277.533325,279.763336,Decrease
42,2022-03-02,0,290.709991,295.493347,281.42334,293.296661,Increase
44,2022-03-02,1,290.709991,295.493347,281.42334,293.296661,Increase
82,2022-03-01,1,289.893341,296.626678,284.593323,288.123322,Decrease
86,2022-02-25,1,269.743347,273.166656,260.799988,269.956665,Increase
87,2022-02-25,0,269.743347,273.166656,260.799988,269.956665,Increase
114,2022-02-23,1,276.809998,278.433319,253.520004,254.679993,Decrease
121,2022-02-23,0,276.809998,278.433319,253.520004,254.679993,Decrease
152,2022-02-22,1,278.043335,285.57666,267.033325,273.843323,Decrease
156,2022-02-22,0,278.043335,285.57666,267.033325,273.843323,Decrease
206,2022-02-18,1,295.333344,295.623322,279.203339,285.660004,Decrease
212,2022-02-18,0,295.333344,295.623322,279.203339,285.660004,Decrease
222,2022-02-17,1,304.420013,306.166656,291.366669,292.116669,Decrease
224,2022-02-17,0,304.420013,306.166656,291.366669,292.116669,Decrease
240,2022-02-16,1,304.683319,308.809998,300.40332,307.796661,Increase
244,2022-02-15,0,300.0,307.666656,297.793335,307.476654,Increase
245,2022-02-15,1,300.0,307.666656,297.793335,307.476654,Increase
258,2022-02-14,1,287.190002,299.626678,284.383331,291.920013,Increase
272,2022-02-11,1,303.209991,305.320007,283.566681,286.666656,Decrease
275,2022-02-11,0,303.209991,305.320007,283.566681,286.666656,Decrease
288,2022-02-10,1,302.790009,314.603333,298.899994,301.516663,Decrease
314,2022-02-09,1,311.666656,315.42334,306.666656,310.666656,Increase
324,2022-02-08,1,301.843323,308.763336,298.266663,307.333344,Increase
325,2022-02-08,0,301.843323,308.763336,298.266663,307.333344,Increase
344,2022-02-07,0,307.929993,315.92334,300.90332,302.446655,Decrease
345,2022-02-07,1,307.929993,315.92334,300.90332,302.446655,Decrease
366,2022-02-04,0,299.073334,312.166656,293.723328,307.773346,Increase
367,2022-02-04,1,299.073334,312.166656,293.723328,307.773346,Increase
392,2022-02-03,1,294.0,312.333344,293.506653,297.046661,Decrease
393,2022-02-03,0,294.0,312.333344,293.506653,297.046661,Decrease
396,2022-02-02,1,309.393341,310.5,296.470001,301.886658,Decrease
397,2022-02-02,0,309.393341,310.5,296.470001,301.886658,Decrease
422,2022-02-01,1,311.736664,314.566681,301.666656,310.416656,Decrease
427,2022-02-01,0,311.736664,314.566681,301.666656,310.416656,Decrease
444,2022-01-31,1,290.90332,312.66333,287.350006,312.23999,Increase
448,2022-01-31,0,290.90332,312.66333,287.350006,312.23999,Increase
460,2022-01-28,1,277.186676,285.833344,264.003326,282.116669,Increase
462,2022-01-28,0,277.186676,285.833344,264.003326,282.116669,Increase
500,2022-01-27,1,311.119995,311.796661,276.333344,276.366669,Decrease
502,2022-01-27,0,311.119995,311.796661,276.333344,276.366669,Decrease
526,2022-01-26,1,317.476654,329.230011,302.0,312.470001,Increase
531,2022-01-26,0,317.476654,329.230011,302.0,312.470001,Increase
538,2022-01-25,1,304.733337,317.08667,301.070007,306.133331,Decrease
556,2022-01-21,1,332.113342,334.850006,313.5,314.633331,Decrease
557,2022-01-21,0,332.113342,334.850006,313.5,314.633331,Decrease
578,2022-01-20,1,336.57666,347.220001,331.333344,332.089996,Increase
581,2022-01-20,0,336.57666,347.220001,331.333344,332.089996,Increase
588,2022-01-19,1,347.236664,351.556671,331.666656,331.883331,Decrease
590,2022-01-19,0,347.236664,351.556671,331.666656,331.883331,Decrease
622,2022-01-18,1,342.203339,356.929993,338.686676,343.503326,Decrease
634,2022-01-18,0,342.203339,356.929993,338.686676,343.503326,Decrease
656,2022-01-14,1,339.959991,350.666656,337.793335,349.869995,Increase
657,2022-01-14,0,339.959991,350.666656,337.793335,349.869995,Increase
666,2022-01-13,1,369.690002,371.866669,342.179993,343.853333,Decrease
668,2022-01-13,0,369.690002,371.866669,342.179993,343.853333,Decrease
672,2022-01-12,1,359.616669,371.613342,357.529999,368.73999,Increase
673,2022-01-12,0,359.616669,371.613342,357.529999,368.73999,Increase
680,2022-01-11,1,351.223328,358.616669,346.273346,354.799988,Increase
681,2022-01-11,0,351.223328,358.616669,346.273346,354.799988,Increase
686,2022-01-10,1,333.333344,353.033325,326.666656,352.706665,Increase
692,2022-01-07,0,360.123322,360.309998,336.666656,342.320007,Decrease
693,2022-01-07,1,360.123322,360.309998,336.666656,342.320007,Decrease
696,2022-01-06,1,359.0,362.666656,340.166656,354.899994,Decrease
700,2022-01-05,1,382.216675,390.113342,360.33667,362.706665,Decrease
708,2022-01-04,1,396.516663,402.666656,374.350006,383.196655,Decrease
710,2022-01-04,0,396.516663,402.666656,374.350006,383.196655,Decrease
